0,20.818,0.0
1,15.982,0.0
2,11.391,0.0
3,7.998,0.0
4,5.135,0.0
5,3.132,0.0
6,1.934,0.0
7,1.124,0.0
8,0.61,0.0
9,0.204,0.0
10,0.002,0.0
11,-0.134,0.0
12,-0.175,0.0
13,-0.229,0.0
14,-0.229,0.0
15,-0.216,0.0
16,-0.202,0.0
17,-0.216,0.0
18,-0.202,0.0
19,-0.216,0.0
20,-0.202,0.0
21,-0.216,0.0
22,-0.229,0.0
23,-0.229,0.0
24,-0.256,0.0
25,-0.269,0.0
26,-0.256,0.0
27,-0.297,0.0
28,-0.297,0.0
29,-0.31,0.0
30,-0.337,0.0
31,-0.351,0.0
32,-0.364,0.0
33,-0.377,0.0
34,-0.391,0.0
35,-0.419,0.0
36,-0.419,0.0
37,-0.446,0.0
38,-0.459,0.0
39,-0.487,0.0
40,-0.5,0.0
41,-0.5,0.0
42,-0.527,0.0
43,-0.541,0.0
44,-0.567,0.0
45,-0.581,0.0
46,-0.581,0.0
47,-0.608,0.0
48,-0.622,0.0
49,-0.635,0.0
50,-0.662,0.0
51,-0.662,0.0
52,-0.717,0.0
53,-0.703,0.0
54,-0.717,0.0
55,-0.771,0.0
56,-0.784,0.0
57,-0.757,0.0
58,-0.771,0.0
59,-0.812,0.0
60,-0.812,0.0
61,-0.825,0.0
62,-0.866,0.0
63,-0.892,0.0
64,-0.892,0.0
65,-0.892,0.0
66,-0.934,0.0
67,-0.934,0.0
68,-0.947,0.0
69,-0.988,0.0
70,-0.988,0.0
71,-1.002,0.0
72,-1.015,0.0
73,-1.042,0.0
74,-1.082,0.0
75,-1.056,0.0
76,-1.096,0.0
77,-1.111,0.0
78,-1.124,0.0
79,-1.138,0.0
80,-1.164,0.0
81,-1.192,0.0
82,-1.205,0.0
83,-1.192,0.0
84,-1.218,0.0
85,-1.218,0.0
86,-1.272,0.0
87,-1.286,0.0
88,-1.3,0.0
89,-1.313,0.0
90,-1.328,0.0
91,-1.341,0.0
92,-1.368,0.0
93,-1.368,0.0
94,-1.408,0.0
95,-1.395,0.0
96,-1.422,0.0
97,-1.462,0.0
98,-1.449,0.0
99,-1.462,0.0
100,-1.504,0.0
101,-1.504,0.0
102,-1.518,0.0
103,-1.544,0.0
104,-1.558,0.0
105,-1.572,0.0
106,-1.572,0.0
107,-1.626,0.0
108,-1.639,0.0
109,-1.652,0.0
110,-1.652,0.0
111,-1.666,0.0
112,-1.666,0.0
113,-1.708,0.0
114,-1.721,0.0
115,-1.721,0.0
116,-1.734,0.0
117,-1.788,0.0
118,-1.788,0.0
119,-1.844,0.0
120,-1.829,0.0
121,-1.844,0.0
122,-1.87,0.0
123,-1.898,0.0
124,-1.87,0.0
125,-1.898,0.0
126,-1.911,0.0
127,-1.952,0.0
128,-1.952,0.0
129,-1.978,0.0
130,-2.007,0.0
131,-2.007,0.0
132,-2.007,0.0
133,-2.034,0.0
134,-2.06,0.0
135,-2.074,0.0
136,-2.088,0.0
137,-2.101,0.0
138,-2.143,0.0
139,-2.156,0.0
140,-2.156,0.0
141,-2.183,0.0
142,-2.197,0.0
143,-2.21,0.0
144,-2.224,0.0
145,-2.237,0.0
146,-2.264,0.0
147,-2.278,0.0
148,-2.278,0.0
149,-2.346,0.0
150,-2.333,0.0
151,-2.333,0.0
152,-2.346,0.0
153,-2.386,0.0
154,-2.4,0.0
155,-2.4,0.0
156,-2.427,0.0
157,-2.441,0.0
158,-2.455,0.0
159,-2.482,0.0
160,-2.482,0.0
161,-2.523,0.0
162,-2.523,0.0
163,-2.536,0.0
164,-2.591,0.0
165,-2.563,0.0
166,-2.577,0.0
167,-2.605,0.0
168,-2.631,0.0
169,-2.631,0.0
170,-2.645,0.0
171,-2.672,0.0
172,-2.7,0.0
173,-2.7,0.0
174,-2.727,0.0
175,-2.741,0.0
176,-2.767,0.0
177,-2.767,0.0
178,-2.767,0.0
179,-2.821,0.0
180,-2.808,0.0
181,-2.85,0.0
182,-2.85,0.0
183,-2.876,0.0
184,-2.89,0.0
185,-2.89,0.0
186,-2.904,0.0
187,-2.958,0.0
188,-2.944,0.0
189,-2.972,0.0
190,-3.026,0.0
191,-2.986,0.0
192,-3.04,0.0
193,-3.053,0.0
194,-3.04,0.0
195,-3.066,0.0
196,-3.095,0.0
197,-3.108,0.0
198,-3.108,0.0
199,-3.135,0.0
200,-3.148,0.0
201,-3.177,0.0
202,-3.203,0.0
203,-3.203,0.0
204,-3.231,0.0
205,-3.244,0.0
206,-3.257,0.0
207,-3.244,0.0
208,-3.313,0.0
209,-3.299,0.0
210,-3.339,0.0
211,-3.339,0.0
212,-3.353,0.0
213,-3.367,0.0
214,-3.38,0.0
215,-3.422,0.0
216,-3.422,0.0
217,-3.448,0.0
218,-3.462,0.0
219,-3.475,0.0
220,-3.517,0.0
221,-3.53,0.0
222,-3.53,0.0
223,-3.544,0.0
224,-3.571,0.0
225,-3.571,0.0
226,-3.612,0.0
227,-3.598,0.0
228,-3.626,0.0
229,-3.653,0.0
230,-3.653,0.0
231,-3.68,0.0
232,-3.694,0.0
233,-3.72,0.0
234,-3.72,0.0
235,-3.735,0.0
236,-3.762,0.0
237,-3.762,0.0
238,-3.762,0.0
239,-3.816,0.0
240,-3.831,0.0
241,-3.844,0.0
242,-3.857,0.0
243,-3.898,0.0
244,-3.898,0.0
245,-3.898,0.0
246,-3.94,0.0
247,-3.953,0.0
248,-3.94,0.0
249,-3.966,0.0
250,-3.993,0.0
251,-4.007,0.0
252,-4.035,0.0
253,-4.035,0.0
254,-4.062,0.0
255,-4.089,0.0
256,-4.089,0.0
257,-4.089,0.0
258,-4.131,0.0
259,-4.116,0.0
260,-4.171,0.0
261,-4.198,0.0
262,-4.184,0.0
263,-4.213,0.0
264,-4.239,0.0
265,-4.253,0.0
266,-4.253,0.0
267,-4.267,0.0
268,-4.293,0.0
269,-4.293,0.0
270,-4.322,0.0
271,-4.335,0.0
272,-4.362,0.0
273,-4.375,0.0
274,-4.389,0.0
275,-4.417,0.0
276,-4.417,0.0
277,-4.444,0.0
278,-4.471,0.0
279,-4.484,0.0
280,-4.484,0.0
281,-4.499,0.0
282,-4.526,0.0
283,-4.581,0.0
284,-4.566,0.0
285,-4.595,0.0
286,-4.581,0.0
287,-4.608,0.0
288,-4.608,0.0
289,-4.649,0.0
290,-4.662,0.0
291,-4.662,0.0
292,-4.704,0.0
293,-4.717,0.0
294,-4.744,0.0
295,-4.758,0.0
296,-4.744,0.0
297,-4.772,0.0
298,-4.799,0.0
299,-4.812,0.0
300,-4.826,0.0
301,-4.841,0.0
302,-4.854,0.0
303,-4.881,0.0
304,-4.908,0.0
305,-4.908,0.0
306,-4.908,0.0
307,-4.949,0.0
308,-4.977,0.0
309,-4.963,0.0
310,-4.99,0.0
311,-5.018,0.0
312,-5.003,0.0
313,-5.032,0.0
314,-5.085,0.0
315,-5.058,0.0
316,-5.085,0.0
317,-5.1,0.0
318,-5.114,0.0
319,-5.169,0.0
320,-5.154,0.0
321,-5.169,0.0
322,-5.182,0.0
323,-5.195,0.0
324,-5.209,0.0
325,-5.236,0.0
326,-5.264,0.0
327,-5.264,0.0
328,-5.291,0.0
329,-5.291,0.0
330,-5.318,0.0
331,-5.332,0.0
332,-5.36,0.0
333,-5.36,0.0
334,-5.4,0.0
335,-5.4,0.0
336,-5.428,0.0
337,-5.442,0.0
338,-5.468,0.0
339,-5.468,0.0
340,-5.497,0.0
341,-5.523,0.0
342,-5.523,0.0
343,-5.552,0.0
344,-5.552,0.0
345,-5.578,0.0
346,-5.592,0.0
347,-5.606,0.0
348,-5.619,0.0
349,-5.634,0.0
350,-5.674,0.0
351,-5.701,0.0
352,-5.688,0.0
353,-5.701,0.0
354,-5.715,0.0
355,-5.743,0.0
356,-5.756,0.0
357,-5.756,0.0
358,-5.797,0.0
359,-5.811,0.0
360,-5.811,0.0
361,-5.851,0.0
362,-5.838,0.0
363,-5.866,0.0
364,-5.92,0.0
365,-5.906,0.0
366,-5.961,0.0
367,-5.961,0.0
368,-5.975,0.0
369,-5.948,0.0
370,-5.975,0.0
371,-6.003,0.0
372,-6.043,0.0
373,-6.043,0.0
374,-6.057,0.0
375,-6.057,0.0
376,-6.098,0.0
377,-6.112,0.0
378,-6.14,0.0
379,-6.154,0.0
380,-6.154,0.0
381,-6.154,0.0
382,-6.209,0.0
383,-6.194,0.0
384,-6.222,0.0
385,-6.222,0.0
386,-6.263,0.0
387,-6.277,0.0
388,-6.304,0.0
389,-6.29,0.0
390,-6.331,0.0
391,-6.346,0.0
392,-6.359,0.0
393,-6.359,0.0
394,-6.386,0.04
395,-6.414,0.04
396,-6.427,0.04
397,-6.427,0.08
398,-6.455,0.08
399,-6.496,0.08
400,-6.51,0.08
401,-6.523,0.08
402,-6.537,0.08
403,-6.537,0.08
404,-6.551,0.08
405,-6.564,0.08
406,-6.592,0.08
407,-6.619,0.08
408,-6.633,0.08
409,-6.647,0.12
410,-6.647,0.12
411,-6.66,0.16
412,-6.701,0.16
413,-6.701,0.16
414,-6.715,0.16
415,-6.729,0.16
416,-6.743,0.16
417,-6.811,0.16
418,-6.811,0.16
419,-6.811,0.16
420,-6.852,0.16
421,-6.825,0.16
422,-6.865,0.16
423,-6.852,0.16
424,-6.907,0.16
425,-6.88,0.16
426,-6.921,0.16
427,-6.935,0.16
428,-6.948,0.16
429,-6.976,0.16
430,-7.003,0.16
431,-7.017,0.16
432,-7.044,0.16
433,-7.059,0.16
434,-7.031,0.16
435,-7.085,0.16
436,-7.085,0.16
437,-7.113,0.16
438,-7.127,0.16
439,-7.14,0.16
440,-7.181,0.16
441,-7.195,0.16
442,-7.195,0.16
443,-7.223,0.16
444,-7.223,0.16
445,-7.251,0.16
446,-7.264,0.16
447,-7.277,0.16
448,-7.291,0.16
449,-7.332,0.16
450,-7.346,0.16
451,-7.319,0.16
452,-7.374,0.16
453,-7.374,0.16
454,-7.401,0.16
455,-7.401,0.16
456,-7.414,0.16
457,-7.443,0.16
458,-7.469,0.16
459,-7.483,0.16
460,-7.498,0.16
461,-7.483,0.16
462,-7.524,0.16
463,-7.538,0.16
464,-7.538,0.16
465,-7.593,0.16
466,-7.593,0.16
467,-7.607,0.16
468,-7.635,0.16
469,-7.661,0.16
470,-7.676,0.16
471,-7.661,0.16
472,-7.69,0.16
473,-7.703,0.16
474,-7.716,0.16
475,-7.771,0.16
476,-7.731,0.16
477,-7.771,0.16
478,-7.786,0.16
479,-7.786,0.16
480,-7.813,0.16
481,-7.827,0.16
482,-7.854,0.16
483,-7.854,0.16
484,-7.896,0.16
485,-7.923,0.16
486,-7.923,0.16
487,-7.937,0.16
488,-7.951,0.16
489,-7.978,0.16
490,-7.991,0.16
491,-8.006,0.16
492,-8.046,0.16
493,-8.046,0.16
494,-8.046,0.16
495,-8.088,0.16
496,-8.101,0.16
497,-8.101,0.2
498,-8.143,0.2
499,-8.13,0.2
500,-8.17,0.2
501,-8.17,0.2
502,-8.17,0.2
503,-8.225,0.2
504,-8.212,0.2
505,-8.253,0.2
506,-8.253,0.2
507,-8.267,0.2
508,-8.308,0.2
509,-8.308,0.2
510,-8.335,0.2
511,-8.35,0.2
512,-8.35,0.2
513,-8.363,0.2
514,-8.391,0.2
515,-8.405,0.2
516,-8.418,0.2
517,-8.418,0.2
518,-8.46,0.2
519,-8.486,0.2
520,-8.486,0.2
521,-8.514,0.2
522,-8.514,0.2
523,-8.583,0.24
524,-8.556,0.24
525,-8.583,0.24
526,-8.583,0.24
527,-8.611,0.24
528,-8.597,0.24
529,-8.666,0.24
530,-8.666,0.24
531,-8.666,0.24
532,-8.693,0.24
533,-8.706,0.24
534,-8.721,0.24
535,-8.735,0.24
536,-8.748,0.28
537,-8.761,0.28
538,-8.803,0.28
539,-8.817,0.28
540,-8.845,0.28
541,-8.858,0.28
542,-8.873,0.28
543,-8.873,0.28
544,-8.899,0.28
545,-8.913,0.28
546,-8.913,0.28
547,-8.954,0.28
548,-8.928,0.28
549,-8.983,0.28
550,-8.983,0.28
551,-8.996,0.28
552,-9.051,0.28
553,-9.038,0.28
554,-9.079,0.28
555,-9.066,0.28
556,-9.106,0.28
557,-9.121,0.28
558,-9.134,0.28
559,-9.134,0.28
560,-9.161,0.28
561,-9.176,0.28
562,-9.202,0.28
563,-9.216,0.28
564,-9.216,0.28
565,-9.23,0.28
566,-9.244,0.28
567,-9.299,0.28
568,-9.299,0.28
569,-9.327,0.28
570,-9.299,0.28
571,-9.327,0.28
572,-9.34,0.28
573,-9.382,0.28
574,-9.395,0.28
575,-9.423,0.28
576,-9.451,0.28
577,-9.437,0.28
578,-9.437,0.28
579,-9.506,0.28
580,-9.478,0.28
581,-9.478,0.28
582,-9.533,0.28
583,-9.533,0.28
584,-9.575,0.28
585,-9.562,0.28
586,-9.575,0.28
587,-9.602,0.28
588,-9.63,0.28
589,-9.658,0.28
590,-9.671,0.28
591,-9.671,0.28
592,-9.699,0.28
593,-9.713,0.28
594,-9.713,0.28
595,-9.74,0.28
596,-9.74,0.28
597,-9.782,0.28
598,-9.782,0.28
599,-9.782,0.28
600,-9.851,0.28
601,-9.851,0.28
602,-9.837,0.28
603,-9.878,0.28
604,-9.906,0.28
605,-9.919,0.28
606,-9.933,0.28
607,-9.933,0.28
608,-9.948,0.28
609,-9.975,0.28
610,-10.002,0.28
611,-10.016,0.28
612,-10.002,0.28
613,-10.057,0.28
614,-10.071,0.28
615,-10.071,0.28
616,-10.071,0.28
617,-10.112,0.28
618,-10.112,0.28
619,-10.14,0.28
620,-10.154,0.28
621,-10.182,0.28
622,-10.195,0.28
623,-10.209,0.28
624,-10.209,0.28
625,-10.25,0.28
626,-10.25,0.28
627,-10.279,0.28
628,-10.279,0.28
629,-10.306,0.28
630,-10.333,0.28
631,-10.333,0.28
632,-10.347,0.28
633,-10.375,0.28
634,-10.362,0.28
635,-10.417,0.28
636,-10.403,0.28
637,-10.444,0.28
638,-10.444,0.28
639,-10.486,0.28
640,-10.472,0.32
641,-10.513,0.32
642,-10.526,0.32
643,-10.541,0.32
644,-10.541,0.32
645,-10.568,0.32
646,-10.582,0.32
647,-10.651,0.32
648,-10.624,0.36
649,-10.624,0.36
650,-10.679,0.36
651,-10.679,0.36
652,-10.693,0.36
653,-10.72,0.36
654,-10.734,0.36
655,-10.749,0.36
656,-10.749,0.36
657,-10.762,0.36
658,-10.79,0.36
659,-10.804,0.36
660,-10.845,0.36
661,-10.858,0.36
662,-10.845,0.36
663,-10.887,0.36
664,-10.9,0.36
665,-10.9,0.36
666,-10.942,0.36
667,-10.928,0.36
668,-10.955,0.36
669,-10.969,0.36
670,-10.997,0.36
671,-10.997,0.36
672,-11.052,0.36
673,-11.011,0.36
674,-11.052,0.36
675,-11.094,0.36
676,-11.094,0.36
677,-11.121,0.36
678,-11.121,0.36
679,-11.136,0.36
680,-11.149,0.36
681,-11.177,0.4
682,-11.177,0.4
683,-11.232,0.4
684,-11.245,0.4
685,-11.232,0.4
686,-11.245,0.4
687,-11.287,0.4
688,-11.301,0.4
689,-11.315,0.4
690,-11.301,0.4
691,-11.343,0.4
692,-11.356,0.4
693,-11.37,0.4
694,-11.385,0.4
695,-11.398,0.4
696,-11.439,0.4
697,-11.453,0.4
698,-11.453,0.4
699,-11.453,0.4
700,-11.481,0.4
701,-11.509,0.4
702,-11.523,0.4
703,-11.536,0.4
704,-11.564,0.4
705,-11.564,0.4
706,-11.619,0.4
707,-11.606,0.4
708,-11.647,0.44
709,-11.633,0.44
710,-11.633,0.44
711,-11.675,0.44
712,-11.717,0.44
713,-11.702,0.44
714,-11.717,0.44
715,-11.771,0.44
716,-11.758,0.44
717,-11.8,0.44
718,-11.771,0.44
719,-11.786,0.44
720,-11.855,0.44
721,-11.813,0.44
722,-11.841,0.44
723,-11.896,0.44
724,-11.911,0.44
725,-11.896,0.44
726,-11.924,0.44
727,-11.952,0.48
728,-11.952,0.48
729,-11.979,0.48
730,-11.994,0.48
731,-12.007,0.48
732,-12.035,0.48
733,-12.035,0.48
734,-12.076,0.48
735,-12.09,0.48
736,-12.09,0.48
737,-12.105,0.48
738,-12.105,0.48
739,-12.159,0.48
740,-12.173,0.48
741,-12.159,0.52
742,-12.229,0.52
743,-12.201,0.52
744,-12.201,0.52
745,-12.257,0.52
746,-12.27,0.52
747,-12.27,0.52
748,-12.299,0.52
749,-12.284,0.52
750,-12.326,0.52
751,-12.34,0.52
752,-12.367,0.52
753,-12.353,0.52
754,-12.395,0.52
755,-12.395,0.52
756,-12.408,0.52
757,-12.437,0.52
758,-12.451,0.52
759,-12.464,0.52
760,-12.493,0.52
761,-12.52,0.52
762,-12.52,0.52
763,-12.534,0.52
764,-12.576,0.52
765,-12.576,0.52
766,-12.576,0.52
767,-12.617,0.52
768,-12.617,0.52
769,-12.631,0.52
770,-12.645,0.52
771,-12.672,0.52
772,-12.686,0.52
773,-12.7,0.52
774,-12.741,0.52
775,-12.728,0.52
776,-12.77,0.52
777,-12.797,0.52
778,-12.811,0.52
779,-12.826,0.52
780,-12.811,0.52
781,-12.826,0.52
782,-12.867,0.52
783,-12.867,0.52
784,-12.909,0.52
785,-12.922,0.52
786,-12.936,0.52
787,-12.936,0.52
788,-12.978,0.52
789,-12.964,0.52
790,-12.991,0.52
791,-13.006,0.52
792,-13.033,0.52
793,-13.061,0.52
794,-13.061,0.52
795,-13.061,0.52
796,-13.117,0.52
797,-13.089,0.52
798,-13.144,0.52
799,-13.13,0.52
800,-13.144,0.52
801,-13.214,0.52
802,-13.214,0.52
803,-13.228,0.52
804,-13.228,0.52
805,-13.242,0.52
806,-13.242,0.52
807,-13.283,0.52
808,-13.298,0.52
809,-13.298,0.52
810,-13.324,0.52
811,-13.324,0.52
812,-13.339,0.52
813,-13.353,0.52
814,-13.38,0.52
815,-13.394,0.52
816,-13.409,0.52
817,-13.422,0.52
818,-13.463,0.52
819,-13.463,0.56
820,-13.478,0.56
821,-13.492,0.56
822,-13.519,0.56
823,-13.533,0.56
824,-13.548,0.56
825,-13.589,0.56
826,-13.617,0.56
827,-13.617,0.56
828,-13.644,0.56
829,-13.658,0.56
830,-13.631,0.56
831,-13.687,0.56
832,-13.672,0.56
833,-13.7,0.56
834,-13.713,0.56
835,-13.742,0.56
836,-13.769,0.6
837,-13.756,0.6
838,-13.783,0.6
839,-13.797,0.6
840,-13.839,0.6
841,-13.839,0.6
842,-13.839,0.6
843,-13.852,0.6
844,-13.895,0.6
845,-13.908,0.6
846,-13.937,0.6
847,-13.978,0.6
848,-13.937,0.6
849,-13.991,0.6
850,-13.991,0.6
851,-14.006,0.6
852,-14.02,0.6
853,-14.047,0.6
854,-14.089,0.6
855,-14.089,0.6
856,-14.103,0.6
857,-14.103,0.6
858,-14.132,0.6
859,-14.117,0.6
860,-14.159,0.6
861,-14.201,0.6
862,-14.186,0.6
863,-14.215,0.6
864,-14.242,0.6
865,-14.242,0.6
866,-14.271,0.6
867,-14.271,0.6
868,-14.271,0.6
869,-14.297,0.6
870,-14.325,0.6
871,-14.34,0.6
872,-14.368,0.6
873,-14.368,0.6
874,-14.395,0.6
875,-14.41,0.6
876,-14.437,0.64
877,-14.41,0.64
878,-14.451,0.64
879,-14.492,0.64
880,-14.492,0.64
881,-14.492,0.64
882,-14.549,0.64
883,-14.563,0.64
884,-14.549,0.64
885,-14.59,0.64
886,-14.576,0.64
887,-14.632,0.64
888,-14.618,0.64
889,-14.661,0.64
890,-14.646,0.64
891,-14.674,0.64
892,-14.702,0.64
893,-14.715,0.64
894,-14.73,0.64
895,-14.757,0.64
896,-14.771,0.64
897,-14.771,0.64
898,-14.785,0.64
899,-14.785,0.64
900,-14.827,0.64
901,-14.827,0.64
902,-14.856,0.64
903,-14.897,0.64
904,-14.883,0.64
905,-14.91,0.64
906,-14.91,0.64
907,-14.939,0.64
908,-14.995,0.64
909,-14.98,0.64
910,-14.966,0.64
911,-14.995,0.64
912,-15.008,0.64
913,-15.051,0.64
914,-15.064,0.64
915,-15.079,0.64
916,-15.105,0.64
917,-15.134,0.64
918,-15.105,0.64
919,-15.148,0.64
920,-15.176,0.64
921,-15.19,0.64
922,-15.19,0.64
923,-15.19,0.64
924,-15.231,0.64
925,-15.245,0.64
926,-15.259,0.64
927,-15.287,0.64
928,-15.315,0.64
929,-15.315,0.64
930,-15.329,0.64
931,-15.356,0.64
932,-15.371,0.64
933,-15.399,0.64
934,-15.399,0.64
935,-15.385,0.64
936,-15.44,0.64
937,-15.412,0.64
938,-15.482,0.64
939,-15.482,0.64
940,-15.496,0.64
941,-15.538,0.64
942,-15.525,0.64
943,-15.538,0.64
944,-15.525,0.64
945,-15.594,0.64
946,-15.594,0.64
947,-15.622,0.64
948,-15.622,0.64
949,-15.65,0.64
950,-15.65,0.64
951,-15.706,0.64
952,-15.706,0.64
953,-15.72,0.64
954,-15.733,0.64
955,-15.733,0.64
956,-15.747,0.64
957,-15.776,0.64
958,-15.776,0.64
959,-15.817,0.64
960,-15.804,0.64
961,-15.873,0.64
962,-15.86,0.64
963,-15.873,0.64
964,-15.901,0.64
965,-15.916,0.64
966,-15.929,0.64
967,-15.929,0.64
968,-15.971,0.64
969,-15.971,0.64
970,-16.013,0.64
971,-16.013,0.64
972,-15.985,0.64
973,-16.041,0.64
974,-16.055,0.64
975,-16.069,0.64
976,-16.082,0.64
977,-16.124,0.64
978,-16.111,0.64
979,-16.152,0.64
980,-16.152,0.64
981,-16.167,0.64
982,-16.222,0.64
983,-16.236,0.64
984,-16.222,0.64
985,-16.222,0.64
986,-16.222,0.64
987,-16.292,0.64
988,-16.292,0.64
989,-16.32,0.64
990,-16.307,0.64
991,-16.348,0.64
992,-16.333,0.64
993,-16.376,0.64
994,-16.39,0.64
995,-16.404,0.64
996,-16.432,0.64
997,-16.46,0.64
998,-16.46,0.64
999,-16.488,0.64
1000,-16.502,0.64
1001,-16.488,0.64
1002,-16.516,0.64
1003,-16.544,0.64
1004,-16.572,0.64
1005,-16.586,0.64
1006,-16.586,0.64
1007,-16.6,0.64
1008,-16.642,0.64
1009,-16.628,0.64
1010,-16.656,0.64
1011,-16.669,0.64
1012,-16.711,0.64
1013,-16.726,0.64
1014,-16.726,0.64
1015,-16.767,0.64
1016,-16.767,0.64
1017,-16.767,0.64
1018,-16.795,0.64
1019,-16.795,0.64
1020,-16.838,0.64
1021,-16.851,0.64
1022,-16.865,0.64
1023,-16.879,0.64
1024,-16.894,0.64
1025,-16.894,0.64
1026,-16.935,0.64
1027,-16.935,0.64
1028,-16.949,0.64
1029,-16.991,0.64
1030,-16.978,0.64
1031,-17.005,0.64
1032,-17.047,0.64
1033,-17.019,0.64
1034,-17.061,0.64
1035,-17.075,0.64
1036,-17.089,0.64
1037,-17.118,0.64
1038,-17.118,0.64
1039,-17.145,0.64
1040,-17.159,0.64
1041,-17.187,0.64
1042,-17.201,0.64
1043,-17.187,0.64
1044,-17.23,0.64
1045,-17.271,0.64
1046,-17.271,0.64
1047,-17.243,0.64
1048,-17.299,0.64
1049,-17.327,0.64
1050,-17.341,0.64
1051,-17.327,0.64
1052,-17.383,0.64
1053,-17.355,0.64
1054,-17.383,0.64
1055,-17.411,0.64
1056,-17.454,0.64
1057,-17.439,0.64
1058,-17.454,0.64
1059,-17.467,0.64
1060,-17.467,0.64
1061,-17.495,0.64
1062,-17.51,0.64
1063,-17.537,0.64
1064,-17.593,0.64
1065,-17.579,0.64
1066,-17.579,0.64
1067,-17.622,0.64
1068,-17.65,0.64
1069,-17.65,0.64
1070,-17.65,0.64
1071,-17.677,0.64
1072,-17.706,0.64
1073,-17.706,0.64
1074,-17.719,0.64
1075,-17.775,0.64
1076,-17.733,0.64
1077,-17.775,0.64
1078,-17.803,0.64
1079,-17.818,0.64
1080,-17.832,0.64
1081,-17.832,0.64
1082,-17.86,0.64
1083,-17.888,0.64
1084,-17.888,0.64
1085,-17.916,0.64
1086,-17.929,0.64
1087,-17.958,0.64
1088,-17.958,0.64
1089,-17.972,0.64
1090,-18.042,0.64
1091,-18.028,0.64
1092,-18.028,0.64
1093,-18.028,0.64
1094,-18.056,0.64
1095,-18.056,0.64
1096,-18.084,0.64
1097,-18.112,0.64
1098,-18.098,0.64
1099,-18.14,0.64
1100,-18.155,0.64
1101,-18.196,0.64
1102,-18.182,0.64
1103,-18.21,0.64
1104,-18.252,0.64
1105,-18.224,0.64
1106,-18.28,0.64
1107,-18.28,0.64
1108,-18.308,0.64
1109,-18.308,0.64
1110,-18.308,0.64
1111,-18.351,0.64
1112,-18.351,0.64
1113,-18.364,0.64
1114,-18.406,0.64
1115,-18.406,0.64
1116,-18.435,0.64
1117,-18.435,0.64
1118,-18.449,0.64
1119,-18.462,0.64
1120,-18.477,0.64
1121,-18.477,0.64
1122,-18.505,0.64
1123,-18.561,0.64
1124,-18.533,0.64
1125,-18.561,0.64
1126,-18.617,0.64
1127,-18.603,0.64
1128,-18.617,0.64
1129,-18.645,0.64
1130,-18.673,0.64
1131,-18.673,0.64
1132,-18.659,0.64
1133,-18.729,0.64
1134,-18.758,0.64
1135,-18.729,0.64
1136,-18.772,0.64
1137,-18.772,0.64
1138,-18.799,0.64
1139,-18.799,0.64
1140,-18.814,0.64
1141,-18.828,0.64
1142,-18.87,0.64
1143,-18.885,0.64
1144,-18.855,0.68
1145,-18.911,0.68
1146,-18.954,0.68
1147,-18.954,0.68
1148,-18.982,0.68
1149,-18.982,0.68
1150,-18.996,0.68
1151,-18.996,0.68
1152,-19.025,0.68
1153,-19.039,0.68
1154,-19.052,0.68
1155,-19.067,0.68
1156,-19.109,0.68
1157,-19.123,0.68
1158,-19.136,0.68
1159,-19.151,0.68
1160,-19.151,0.68
1161,-19.151,0.68
1162,-19.207,0.68
1163,-19.207,0.68
1164,-19.263,0.68
1165,-19.235,0.68
1166,-19.263,0.68
1167,-19.263,0.68
1168,-19.278,0.68
1169,-19.32,0.68
1170,-19.32,0.68
1171,-19.362,0.68
1172,-19.362,0.68
1173,-19.376,0.68
1174,-19.419,0.68
1175,-19.419,0.68
1176,-19.432,0.68
1177,-19.404,0.68
1178,-19.475,0.68
1179,-19.475,0.68
1180,-19.503,0.68
1181,-19.517,0.68
1182,-19.53,0.68
1183,-19.545,0.68
1184,-19.559,0.68
1185,-19.586,0.68
1186,-19.601,0.68
1187,-19.601,0.68
1188,-19.629,0.68
1189,-19.657,0.68
1190,-19.685,0.68
1191,-19.643,0.68
1192,-19.7,0.68
1193,-19.714,0.68
1194,-19.742,0.68
1195,-19.742,0.68
1196,-19.77,0.68
1197,-19.77,0.68
1198,-19.813,0.68
1199,-19.813,0.68
1200,-19.826,0.68
1201,-19.826,0.68
1202,-19.882,0.68
1203,-19.868,0.68
1204,-19.882,0.68
1205,-19.882,0.68
1206,-19.924,0.68
1207,-19.967,0.68
1208,-19.967,0.68
1209,-19.967,0.68
1210,-19.995,0.68
1211,-20.01,0.68
1212,-20.038,0.68
1213,-20.038,0.68
1214,-20.051,0.68
1215,-20.094,0.68
1216,-20.08,0.68
1217,-20.08,0.68
1218,-20.108,0.68
1219,-20.164,0.68
1220,-20.178,0.68
1221,-20.164,0.68
1222,-20.192,0.68
1223,-20.192,0.68
1224,-20.235,0.68
1225,-20.249,0.68
1226,-20.262,0.68
1227,-20.291,0.68
1228,-20.277,0.68
1229,-20.319,0.68
1230,-20.319,0.68
1231,-20.375,0.68
1232,-20.361,0.68
1233,-20.361,0.68
1234,-20.418,0.68
1235,-20.39,0.68
1236,-20.418,0.72
1237,-20.446,0.72
1238,-20.446,0.72
1239,-20.474,0.72
1240,-20.502,0.72
1241,-20.502,0.72
1242,-20.53,0.72
1243,-20.559,0.72
1244,-20.53,0.72
1245,-20.559,0.72
1246,-20.587,0.72
1247,-20.63,0.72
1248,-20.63,0.72
1249,-20.643,0.72
1250,-20.657,0.72
1251,-20.671,0.72
1252,-20.7,0.72
1253,-20.7,0.72
1254,-20.713,0.72
1255,-20.728,0.72
1256,-20.728,0.72
1257,-20.756,0.72
1258,-20.784,0.72
1259,-20.827,0.72
1260,-20.854,0.72
1261,-20.841,0.72
1262,-20.854,0.72
1263,-20.869,0.72
1264,-20.897,0.72
1265,-20.925,0.72
1266,-20.911,0.72
1267,-20.94,0.72
1268,-20.995,0.72
1269,-20.968,0.76
1270,-20.968,0.76
1271,-20.995,0.76
1272,-21.025,0.76
1273,-21.038,0.76
1274,-21.052,0.76
1275,-21.081,0.76
1276,-21.081,0.76
1277,-21.108,0.76
1278,-21.151,0.76
1279,-21.151,0.76
1280,-21.166,0.76
1281,-21.179,0.76
1282,-21.179,0.76
1283,-21.208,0.76
1284,-21.222,0.76
1285,-21.249,0.76
1286,-21.249,0.76
1287,-21.306,0.76
1288,-21.279,0.76
1289,-21.335,0.76
1290,-21.335,0.76
1291,-21.349,0.76
1292,-21.364,0.76
1293,-21.377,0.76
1294,-21.377,0.76
1295,-21.405,0.76
1296,-21.434,0.76
1297,-21.42,0.76
1298,-21.447,0.76
1299,-21.477,0.76
1300,-21.477,0.76
1301,-21.49,0.76
1302,-21.561,0.76
1303,-21.547,0.76
1304,-21.561,0.76
1305,-21.547,0.76
1306,-21.603,0.76
1307,-21.603,0.76
1308,-21.618,0.76
1309,-21.645,0.76
1310,-21.645,0.76
1311,-21.688,0.76
1312,-21.73,0.76
1313,-21.702,0.76
1314,-21.759,0.8
1315,-21.745,0.8
1316,-21.759,0.8
1317,-21.801,0.8
1318,-21.786,0.8
1319,-21.816,0.84
1320,-21.829,0.84
1321,-21.843,0.84
1322,-21.843,0.84
1323,-21.858,0.84
1324,-21.872,0.84
1325,-21.928,0.84
1326,-21.901,0.84
1327,-21.914,0.84
1328,-21.957,0.84
1329,-21.984,0.84
1330,-21.999,0.84
1331,-22.027,0.84
1332,-22.027,0.84
1333,-22.041,0.84
1334,-22.056,0.84
1335,-22.056,0.84
1336,-22.084,0.84
1337,-22.126,0.84
1338,-22.126,0.84
1339,-22.14,0.84
1340,-22.155,0.84
1341,-22.182,0.84
1342,-22.197,0.84
1343,-22.212,0.84
1344,-22.239,0.88
1345,-22.239,0.88
1346,-22.239,0.88
1347,-22.282,0.88
1348,-22.267,0.88
1349,-22.324,0.92
1350,-22.31,0.92
1351,-22.339,0.92
1352,-22.367,0.92
1353,-22.367,0.92
1354,-22.424,0.92
1355,-22.437,0.92
1356,-22.437,0.92
1357,-22.437,0.92
1358,-22.48,0.92
1359,-22.452,0.92
1360,-22.48,0.92
1361,-22.508,0.92
1362,-22.522,0.92
1363,-22.552,0.92
1364,-22.579,0.92
1365,-22.593,0.92
1366,-22.579,0.92
1367,-22.579,0.92
1368,-22.608,0.92
1369,-22.65,0.92
1370,-22.664,0.92
1371,-22.678,0.92
1372,-22.693,0.92
1373,-22.707,0.92
1374,-22.735,0.92
1375,-22.75,0.92
1376,-22.763,0.92
1377,-22.777,0.92
1378,-22.792,0.92
1379,-22.792,0.92
1380,-22.835,0.92
1381,-22.835,0.92
1382,-22.848,0.92
1383,-22.891,0.92
1384,-22.877,0.92
1385,-22.891,0.92
1386,-22.919,0.92
1387,-22.962,0.92
1388,-22.975,0.92
1389,-22.99,0.92
1390,-23.005,0.92
1391,-23.033,0.92
1392,-23.018,0.92
1393,-23.033,0.92
1394,-23.047,0.92
1395,-23.075,0.92
1396,-23.075,0.92
1397,-23.104,0.92
1398,-23.104,0.92
1399,-23.16,0.92
1400,-23.174,0.92
1401,-23.174,0.92
1402,-23.174,0.92
1403,-23.232,0.92
1404,-23.245,0.92
1405,-23.217,0.92
1406,-23.245,0.92
1407,-23.288,0.92
1408,-23.274,0.92
1409,-23.33,0.92
1410,-23.345,0.92
1411,-23.33,0.92
1412,-23.372,0.96
1413,-23.359,0.96
1414,-23.372,0.96
1415,-23.416,0.96
1416,-23.43,0.96
1417,-23.458,0.96
1418,-23.458,0.96
1419,-23.472,0.96
1420,-23.514,0.96
1421,-23.529,0.96
1422,-23.544,0.96
1423,-23.529,0.96
1424,-23.557,0.96
1425,-23.586,0.96
1426,-23.572,0.96
1427,-23.6,0.96
1428,-23.629,0.96
1429,-23.656,0.96
1430,-23.629,0.96
1431,-23.656,0.96
1432,-23.699,0.96
1433,-23.699,0.96
1434,-23.743,0.96
1435,-23.756,0.96
1436,-23.743,0.96
1437,-23.785,0.96
1438,-23.813,0.96
1439,-23.813,0.96
1440,-23.828,0.96
1441,-23.87,0.96
1442,-23.855,0.96
1443,-23.898,0.96
1444,-23.912,0.96
1445,-23.898,0.96
1446,-23.912,0.96
1447,-23.927,0.96
1448,-23.941,0.96
1449,-23.997,0.96
1450,-23.983,0.96
1451,-24.012,0.96
1452,-24.04,0.96
1453,-24.04,0.96
1454,-24.04,0.96
1455,-24.084,0.96
1456,-24.097,0.96
1457,-24.126,0.96
1458,-24.097,0.96
1459,-24.169,0.96
1460,-24.154,0.96
1461,-24.169,0.96
1462,-24.196,0.96
1463,-24.226,0.96
1464,-24.239,0.96
1465,-24.239,0.96
1466,-24.282,0.96
1467,-24.296,0.96
1468,-24.296,0.96
1469,-24.282,0.96
1470,-24.325,0.96
1471,-24.338,0.96
1472,-24.325,0.96
1473,-24.395,0.96
1474,-24.381,1.0
1475,-24.395,1.0
1476,-24.425,1.0
1477,-24.438,1.0
1478,-24.467,1.0
1479,-24.482,1.0
1480,-24.495,1.0
1481,-24.482,1.0
1482,-24.524,1.0
1483,-24.552,1.0
1484,-24.552,1.0
1485,-24.594,1.0
1486,-24.581,1.0
1487,-24.609,1.0
1488,-24.624,1.0
1489,-24.651,1.0
1490,-24.666,1.0
1491,-24.694,1.0
1492,-24.723,1.0
1493,-24.694,1.0
1494,-24.737,1.0
1495,-24.723,1.0
1496,-24.737,1.0
1497,-24.766,1.0
1498,-24.78,1.0
1499,-24.823,1.0
1500,-24.823,1.0
1501,-24.837,1.0
1502,-24.85,1.0
1503,-24.88,1.0
1504,-24.894,1.0
1505,-24.922,1.0
1506,-24.936,1.0
1507,-24.936,1.0
1508,-24.965,1.0
1509,-24.979,1.0
1510,-25.008,1.0
1511,-24.993,1.0
1512,-25.036,1.0
